user_input,chatbot_response
I'm feeling anxious about my job.,I'm sorry to hear that. Have you tried talking to someone about it?
I'm worried about the future.,It's natural to feel that way. Can I offer some support or advice?
I'm experiencing social anxiety.,"It can be tough, but you're not alone. Would you like some tips on managing it?"
I'm feeling down and unmotivated.,I'm here to help. Have you talked to anyone about how you're feeling?
I don't enjoy the things I used to.,It might be a sign of something deeper. I'm here to listen if you want to share more.
I'm struggling with sadness.,I'm sorry you're going through this. Would you like me to suggest some coping strategies?
I'm feeling overwhelmed with work.,It sounds like you have a lot on your plate. Have you tried organizing your tasks?
I'm stressed about my family situation.,Family stress can be difficult. Would you like some advice on managing it?
I'm struggling with too many responsibilities.,It's important to set boundaries. Can I help you with that?
I can't sleep well at night.,That can be frustrating. Have you tried creating a consistent sleep routine?
I keep waking up in the middle of the night.,I'm sorry to hear that. Would you like some tips on improving your sleep?
I feel tired all the time.,That must be tough. Have you considered seeking help for your sleep issues?
I'm struggling with family issues.,Family relationships can be challenging. Need advice?
My partner and I are having communication issues.,Communication is key. Have you tried having an open conversation?
I'm feeling lonely and disconnected from others.,I'm here to listen. Would you like some tips on how to connect with others?
How can I improve my mental well-being?,There are many ways to improve mental well-being. Would you like some tips?
I'm struggling with self-esteem.,Building self-esteem takes time. Would you like some advice on how to work on it?
I'm trying to achieve a better work-life balance.,Finding a balance is important. Would you like some strategies to help you achieve it?
I feel overwhelmed and tense in certain situations.,Journaling can help you process your anxious thoughts.
I struggle with feelings of sadness and emptiness.,"Try setting small, achievable goals for yourself."
I'm struggling to manage my responsibilities.,Prioritize your tasks to focus on what's most important.
I feel groggy and unrested when I wake up.,Avoid heavy meals and caffeine close to bedtime.
I'm struggling to connect with my friends.,Consider seeking couples therapy to improve your relationship.
What can I do to enhance my overall happiness?,Consider seeking support from a therapist or counselor.
I'm concerned about an upcoming event.,It's important to identify your triggers and manage them.
I struggle with feelings of sadness and emptiness.,"Try setting small, achievable goals for yourself."
I'm overwhelmed with my current workload.,Try incorporating relaxation techniques into your routine.
I'm having trouble staying asleep through the night.,Have you tried creating a consistent bedtime routine?
I'm struggling to connect with my friends.,Consider seeking couples therapy to improve your relationship.
I'm trying to find more balance in my life.,Practice gratitude to improve your outlook on life.
I often feel nervous about the future.,Have you tried mindfulness exercises to calm your mind?
I feel isolated and alone.,Consider reaching out to a support group.
I'm feeling a lot of pressure at work.,Can you delegate some tasks to reduce your workload?
I wake up feeling tired even after a full night's sleep.,Avoid using electronic devices before bedtime.
My family relationships are causing me stress.,Practice active listening to understand the other person's perspective.
What can I do to enhance my overall happiness?,Consider seeking support from a therapist or counselor.
My thoughts are racing and I can't focus.,Talking to a trusted person can help alleviate anxiety.
I struggle with feelings of sadness and emptiness.,"Try setting small, achievable goals for yourself."
I'm overwhelmed with my current workload.,Try incorporating relaxation techniques into your routine.
I wake up feeling tired even after a full night's sleep.,Avoid using electronic devices before bedtime.
I'm dealing with relationship challenges.,Focus on building trust and mutual respect in your relationships.
How can I improve my emotional well-being?,Take time for self-care activities that bring you joy.
I often feel nervous about the future.,Have you tried mindfulness exercises to calm your mind?
I struggle with feelings of sadness and emptiness.,"Try setting small, achievable goals for yourself."
I'm finding it hard to relax and unwind.,Practice saying no when you're overwhelmed.
I feel groggy and unrested when I wake up.,Avoid heavy meals and caffeine close to bedtime.
I'm struggling to connect with my friends.,Consider seeking couples therapy to improve your relationship.
What can I do to enhance my overall happiness?,Consider seeking support from a therapist or counselor.
My thoughts are racing and I can't focus.,Talking to a trusted person can help alleviate anxiety.
I feel down and lack motivation most days.,Engaging in physical activity can help elevate your mood.
I'm finding it hard to relax and unwind.,Practice saying no when you're overwhelmed.
I wake up feeling tired even after a full night's sleep.,Avoid using electronic devices before bedtime.
I'm finding it difficult to communicate with loved ones.,Set healthy boundaries to maintain balanced relationships.
I'm trying to find more balance in my life.,Practice gratitude to improve your outlook on life.
I'm concerned about an upcoming event.,It's important to identify your triggers and manage them.
I struggle with feelings of sadness and emptiness.,"Try setting small, achievable goals for yourself."
I'm struggling to manage my responsibilities.,Prioritize your tasks to focus on what's most important.
My sleep pattern is inconsistent and erratic.,Consider practicing relaxation exercises before bed.
I'm dealing with relationship challenges.,Focus on building trust and mutual respect in your relationships.
What steps can I take to enhance my self-care routine?,Focus on building healthy habits for your mind and body.
My thoughts are racing and I can't focus.,Talking to a trusted person can help alleviate anxiety.
I'm finding it hard to get out of bed in the morning.,Have you considered seeking support from a therapist?
I'm feeling a lot of pressure at work.,Can you delegate some tasks to reduce your workload?
I wake up feeling tired even after a full night's sleep.,Avoid using electronic devices before bedtime.
I'm having issues with my romantic partner.,Open communication is key in relationships. Have you expressed your concerns?
I'm trying to find more balance in my life.,Practice gratitude to improve your outlook on life.
I often feel nervous about the future.,Have you tried mindfulness exercises to calm your mind?
I'm having trouble enjoying things I used to like.,Surround yourself with supportive people.
I'm struggling to manage my responsibilities.,Prioritize your tasks to focus on what's most important.
I wake up feeling tired even after a full night's sleep.,Avoid using electronic devices before bedtime.
I'm dealing with relationship challenges.,Focus on building trust and mutual respect in your relationships.
How can I improve my emotional well-being?,Take time for self-care activities that bring you joy.
I often feel nervous about the future.,Have you tried mindfulness exercises to calm your mind?
I'm having trouble enjoying things I used to like.,Surround yourself with supportive people.
My stress levels are increasing day by day.,Taking short breaks can help manage stress levels.
I feel groggy and unrested when I wake up.,Avoid heavy meals and caffeine close to bedtime.
I'm struggling to connect with my friends.,Consider seeking couples therapy to improve your relationship.
What can I do to enhance my overall happiness?,Consider seeking support from a therapist or counselor.
I'm concerned about an upcoming event.,It's important to identify your triggers and manage them.
I struggle with feelings of sadness and emptiness.,"Try setting small, achievable goals for yourself."
I'm struggling to manage my responsibilities.,Prioritize your tasks to focus on what's most important.
I feel groggy and unrested when I wake up.,Avoid heavy meals and caffeine close to bedtime.
I'm finding it difficult to communicate with loved ones.,Set healthy boundaries to maintain balanced relationships.
What can I do to enhance my overall happiness?,Consider seeking support from a therapist or counselor.
I'm concerned about an upcoming event.,It's important to identify your triggers and manage them.
I feel isolated and alone.,Consider reaching out to a support group.
I'm finding it hard to relax and unwind.,Practice saying no when you're overwhelmed.
I'm having trouble staying asleep through the night.,Have you tried creating a consistent bedtime routine?
I'm having issues with my romantic partner.,Open communication is key in relationships. Have you expressed your concerns?
How can I improve my emotional well-being?,Take time for self-care activities that bring you joy.
I struggle with anxiety in social situations.,Practicing deep breathing can help manage anxiety.
I feel isolated and alone.,Consider reaching out to a support group.
I'm finding it hard to relax and unwind.,Practice saying no when you're overwhelmed.
My sleep pattern is inconsistent and erratic.,Consider practicing relaxation exercises before bed.
I'm struggling to connect with my friends.,Consider seeking couples therapy to improve your relationship.
I'm trying to find more balance in my life.,Practice gratitude to improve your outlook on life.
I'm concerned about an upcoming event.,It's important to identify your triggers and manage them.
I struggle with feelings of sadness and emptiness.,"Try setting small, achievable goals for yourself."
I'm finding it hard to relax and unwind.,Practice saying no when you're overwhelmed.
I'm struggling with falling asleep at bedtime.,"Keep your bedroom cool, dark, and quiet for better sleep."
I'm finding it difficult to communicate with loved ones.,Set healthy boundaries to maintain balanced relationships.
How can I improve my overall mental health?,Set achievable goals to boost your sense of accomplishment.
My thoughts are racing and I can't focus.,Talking to a trusted person can help alleviate anxiety.
I struggle with feelings of sadness and emptiness.,"Try setting small, achievable goals for yourself."
I'm struggling to manage my responsibilities.,Prioritize your tasks to focus on what's most important.
My sleep pattern is inconsistent and erratic.,Consider practicing relaxation exercises before bed.
I'm struggling to connect with my friends.,Consider seeking couples therapy to improve your relationship.
How can I improve my overall mental health?,Set achievable goals to boost your sense of accomplishment.
I struggle with anxiety in social situations.,Practicing deep breathing can help manage anxiety.
I struggle with feelings of sadness and emptiness.,"Try setting small, achievable goals for yourself."
I'm overwhelmed with my current workload.,Try incorporating relaxation techniques into your routine.
My sleep pattern is inconsistent and erratic.,Consider practicing relaxation exercises before bed.
I'm dealing with relationship challenges.,Focus on building trust and mutual respect in your relationships.
What steps can I take to enhance my self-care routine?,Focus on building healthy habits for your mind and body.
I often feel nervous about the future.,Have you tried mindfulness exercises to calm your mind?
I struggle with feelings of sadness and emptiness.,"Try setting small, achievable goals for yourself."
I'm feeling a lot of pressure at work.,Can you delegate some tasks to reduce your workload?
My sleep pattern is inconsistent and erratic.,Consider practicing relaxation exercises before bed.
I'm dealing with relationship challenges.,Focus on building trust and mutual respect in your relationships.
How can I improve my emotional well-being?,Take time for self-care activities that bring you joy.
I feel overwhelmed and tense in certain situations.,Journaling can help you process your anxious thoughts.
I struggle with feelings of sadness and emptiness.,"Try setting small, achievable goals for yourself."
My stress levels are increasing day by day.,Taking short breaks can help manage stress levels.
I'm struggling with falling asleep at bedtime.,"Keep your bedroom cool, dark, and quiet for better sleep."
I'm struggling to connect with my friends.,Consider seeking couples therapy to improve your relationship.
I'm trying to find more balance in my life.,Practice gratitude to improve your outlook on life.
My thoughts are racing and I can't focus.,Talking to a trusted person can help alleviate anxiety.
I feel down and lack motivation most days.,Engaging in physical activity can help elevate your mood.
I'm struggling to manage my responsibilities.,Prioritize your tasks to focus on what's most important.
I'm having trouble staying asleep through the night.,Have you tried creating a consistent bedtime routine?
I'm dealing with relationship challenges.,Focus on building trust and mutual respect in your relationships.
What steps can I take to enhance my self-care routine?,Focus on building healthy habits for your mind and body.
I struggle with anxiety in social situations.,Practicing deep breathing can help manage anxiety.
I'm finding it hard to get out of bed in the morning.,Have you considered seeking support from a therapist?
My stress levels are increasing day by day.,Taking short breaks can help manage stress levels.
My sleep pattern is inconsistent and erratic.,Consider practicing relaxation exercises before bed.
My family relationships are causing me stress.,Practice active listening to understand the other person's perspective.
What steps can I take to enhance my self-care routine?,Focus on building healthy habits for your mind and body.
I struggle with anxiety in social situations.,Practicing deep breathing can help manage anxiety.
I feel down and lack motivation most days.,Engaging in physical activity can help elevate your mood.
I'm struggling to manage my responsibilities.,Prioritize your tasks to focus on what's most important.
I'm struggling with falling asleep at bedtime.,"Keep your bedroom cool, dark, and quiet for better sleep."
I'm struggling to connect with my friends.,Consider seeking couples therapy to improve your relationship.
How can I improve my overall mental health?,Set achievable goals to boost your sense of accomplishment.
I struggle with anxiety in social situations.,Practicing deep breathing can help manage anxiety.
I struggle with feelings of sadness and emptiness.,"Try setting small, achievable goals for yourself."
I'm overwhelmed with my current workload.,Try incorporating relaxation techniques into your routine.
I feel groggy and unrested when I wake up.,Avoid heavy meals and caffeine close to bedtime.
My family relationships are causing me stress.,Practice active listening to understand the other person's perspective.
What can I do to enhance my overall happiness?,Consider seeking support from a therapist or counselor.
I struggle with anxiety in social situations.,Practicing deep breathing can help manage anxiety.
I feel isolated and alone.,Consider reaching out to a support group.
I'm finding it hard to relax and unwind.,Practice saying no when you're overwhelmed.
I'm having trouble staying asleep through the night.,Have you tried creating a consistent bedtime routine?
I'm struggling to connect with my friends.,Consider seeking couples therapy to improve your relationship.
I'm trying to find more balance in my life.,Practice gratitude to improve your outlook on life.
My thoughts are racing and I can't focus.,Talking to a trusted person can help alleviate anxiety.
I feel down and lack motivation most days.,Engaging in physical activity can help elevate your mood.
I'm overwhelmed with my current workload.,Try incorporating relaxation techniques into your routine.
I'm struggling with falling asleep at bedtime.,"Keep your bedroom cool, dark, and quiet for better sleep."
I'm having issues with my romantic partner.,Open communication is key in relationships. Have you expressed your concerns?
How can I improve my overall mental health?,Set achievable goals to boost your sense of accomplishment.
I feel overwhelmed and tense in certain situations.,Journaling can help you process your anxious thoughts.
I'm having trouble enjoying things I used to like.,Surround yourself with supportive people.
I'm struggling to manage my responsibilities.,Prioritize your tasks to focus on what's most important.
I feel groggy and unrested when I wake up.,Avoid heavy meals and caffeine close to bedtime.
I'm dealing with relationship challenges.,Focus on building trust and mutual respect in your relationships.
What can I do to enhance my overall happiness?,Consider seeking support from a therapist or counselor.
I struggle with anxiety in social situations.,Practicing deep breathing can help manage anxiety.
I'm having trouble enjoying things I used to like.,Surround yourself with supportive people.
I'm finding it hard to relax and unwind.,Practice saying no when you're overwhelmed.
I'm having trouble staying asleep through the night.,Have you tried creating a consistent bedtime routine?
I'm struggling to connect with my friends.,Consider seeking couples therapy to improve your relationship.
How can I improve my emotional well-being?,Take time for self-care activities that bring you joy.
I'm concerned about an upcoming event.,It's important to identify your triggers and manage them.
I struggle with feelings of sadness and emptiness.,"Try setting small, achievable goals for yourself."
I'm struggling to manage my responsibilities.,Prioritize your tasks to focus on what's most important.
My sleep pattern is inconsistent and erratic.,Consider practicing relaxation exercises before bed.
I'm dealing with relationship challenges.,Focus on building trust and mutual respect in your relationships.
How can I improve my overall mental health?,Set achievable goals to boost your sense of accomplishment.
I feel overwhelmed and tense in certain situations.,Journaling can help you process your anxious thoughts.
I'm finding it hard to get out of bed in the morning.,Have you considered seeking support from a therapist?
My stress levels are increasing day by day.,Taking short breaks can help manage stress levels.
I'm having trouble staying asleep through the night.,Have you tried creating a consistent bedtime routine?
I'm having issues with my romantic partner.,Open communication is key in relationships. Have you expressed your concerns?
What steps can I take to enhance my self-care routine?,Focus on building healthy habits for your mind and body.
I'm concerned about an upcoming event.,It's important to identify your triggers and manage them.
I feel down and lack motivation most days.,Engaging in physical activity can help elevate your mood.
I'm feeling a lot of pressure at work.,Can you delegate some tasks to reduce your workload?
I'm having trouble staying asleep through the night.,Have you tried creating a consistent bedtime routine?
I'm finding it difficult to communicate with loved ones.,Set healthy boundaries to maintain balanced relationships.
I'm trying to find more balance in my life.,Practice gratitude to improve your outlook on life.
I feel overwhelmed and tense in certain situations.,Journaling can help you process your anxious thoughts.
I'm having trouble enjoying things I used to like.,Surround yourself with supportive people.
My stress levels are increasing day by day.,Taking short breaks can help manage stress levels.
I wake up feeling tired even after a full night's sleep.,Avoid using electronic devices before bedtime.
I'm struggling to connect with my friends.,Consider seeking couples therapy to improve your relationship.
How can I improve my emotional well-being?,Take time for self-care activities that bring you joy.
I feel overwhelmed and tense in certain situations.,Journaling can help you process your anxious thoughts.
I struggle with feelings of sadness and emptiness.,"Try setting small, achievable goals for yourself."
I'm overwhelmed with my current workload.,Try incorporating relaxation techniques into your routine.
I wake up feeling tired even after a full night's sleep.,Avoid using electronic devices before bedtime.
I'm finding it difficult to communicate with loved ones.,Set healthy boundaries to maintain balanced relationships.
I'm trying to find more balance in my life.,Practice gratitude to improve your outlook on life.
My thoughts are racing and I can't focus.,Talking to a trusted person can help alleviate anxiety.
I feel down and lack motivation most days.,Engaging in physical activity can help elevate your mood.
My stress levels are increasing day by day.,Taking short breaks can help manage stress levels.
I wake up feeling tired even after a full night's sleep.,Avoid using electronic devices before bedtime.
I'm dealing with relationship challenges.,Focus on building trust and mutual respect in your relationships.
What can I do to enhance my overall happiness?,Consider seeking support from a therapist or counselor.
I feel overwhelmed and tense in certain situations.,Journaling can help you process your anxious thoughts.
I'm having trouble enjoying things I used to like.,Surround yourself with supportive people.
My stress levels are increasing day by day.,Taking short breaks can help manage stress levels.
My sleep pattern is inconsistent and erratic.,Consider practicing relaxation exercises before bed.
My family relationships are causing me stress.,Practice active listening to understand the other person's perspective.
I'm trying to find more balance in my life.,Practice gratitude to improve your outlook on life.
I struggle with anxiety in social situations.,Practicing deep breathing can help manage anxiety.
I'm having trouble enjoying things I used to like.,Surround yourself with supportive people.
My stress levels are increasing day by day.,Taking short breaks can help manage stress levels.
I'm struggling with falling asleep at bedtime.,"Keep your bedroom cool, dark, and quiet for better sleep."
I'm having issues with my romantic partner.,Open communication is key in relationships. Have you expressed your concerns?
How can I improve my overall mental health?,Set achievable goals to boost your sense of accomplishment.
I often feel nervous about the future.,Have you tried mindfulness exercises to calm your mind?
I feel isolated and alone.,Consider reaching out to a support group.
I'm overwhelmed with my current workload.,Try incorporating relaxation techniques into your routine.
I feel groggy and unrested when I wake up.,Avoid heavy meals and caffeine close to bedtime.
I'm having issues with my romantic partner.,Open communication is key in relationships. Have you expressed your concerns?
I'm trying to find more balance in my life.,Practice gratitude to improve your outlook on life.
I feel overwhelmed and tense in certain situations.,Journaling can help you process your anxious thoughts.
I struggle with feelings of sadness and emptiness.,"Try setting small, achievable goals for yourself."
I'm feeling a lot of pressure at work.,Can you delegate some tasks to reduce your workload?
I'm struggling with falling asleep at bedtime.,"Keep your bedroom cool, dark, and quiet for better sleep."
My family relationships are causing me stress.,Practice active listening to understand the other person's perspective.
What can I do to enhance my overall happiness?,Consider seeking support from a therapist or counselor.
My thoughts are racing and I can't focus.,Talking to a trusted person can help alleviate anxiety.
I'm having trouble enjoying things I used to like.,Surround yourself with supportive people.
I'm overwhelmed with my current workload.,Try incorporating relaxation techniques into your routine.
I wake up feeling tired even after a full night's sleep.,Avoid using electronic devices before bedtime.
I'm dealing with relationship challenges.,Focus on building trust and mutual respect in your relationships.
How can I improve my emotional well-being?,Take time for self-care activities that bring you joy.
I struggle with anxiety in social situations.,Practicing deep breathing can help manage anxiety.
I struggle with feelings of sadness and emptiness.,"Try setting small, achievable goals for yourself."
I'm finding it hard to relax and unwind.,Practice saying no when you're overwhelmed.
I wake up feeling tired even after a full night's sleep.,Avoid using electronic devices before bedtime.
I'm struggling to connect with my friends.,Consider seeking couples therapy to improve your relationship.
How can I improve my overall mental health?,Set achievable goals to boost your sense of accomplishment.
I struggle with anxiety in social situations.,Practicing deep breathing can help manage anxiety.
I'm finding it hard to get out of bed in the morning.,Have you considered seeking support from a therapist?
I'm finding it hard to relax and unwind.,Practice saying no when you're overwhelmed.
My sleep pattern is inconsistent and erratic.,Consider practicing relaxation exercises before bed.
My family relationships are causing me stress.,Practice active listening to understand the other person's perspective.
What can I do to enhance my overall happiness?,Consider seeking support from a therapist or counselor.
I'm concerned about an upcoming event.,It's important to identify your triggers and manage them.
I feel down and lack motivation most days.,Engaging in physical activity can help elevate your mood.
I'm feeling a lot of pressure at work.,Can you delegate some tasks to reduce your workload?
I feel groggy and unrested when I wake up.,Avoid heavy meals and caffeine close to bedtime.
I'm having issues with my romantic partner.,Open communication is key in relationships. Have you expressed your concerns?
How can I improve my overall mental health?,Set achievable goals to boost your sense of accomplishment.
I feel overwhelmed and tense in certain situations.,Journaling can help you process your anxious thoughts.
I feel down and lack motivation most days.,Engaging in physical activity can help elevate your mood.
I'm finding it hard to relax and unwind.,Practice saying no when you're overwhelmed.
I feel groggy and unrested when I wake up.,Avoid heavy meals and caffeine close to bedtime.
I'm dealing with relationship challenges.,Focus on building trust and mutual respect in your relationships.
What can I do to enhance my overall happiness?,Consider seeking support from a therapist or counselor.
I'm concerned about an upcoming event.,It's important to identify your triggers and manage them.
I feel isolated and alone.,Consider reaching out to a support group.
I'm overwhelmed with my current workload.,Try incorporating relaxation techniques into your routine.
I wake up feeling tired even after a full night's sleep.,Avoid using electronic devices before bedtime.
I'm having issues with my romantic partner.,Open communication is key in relationships. Have you expressed your concerns?
What can I do to enhance my overall happiness?,Consider seeking support from a therapist or counselor.
I'm concerned about an upcoming event.,It's important to identify your triggers and manage them.
I struggle with feelings of sadness and emptiness.,"Try setting small, achievable goals for yourself."
My stress levels are increasing day by day.,Taking short breaks can help manage stress levels.
My sleep pattern is inconsistent and erratic.,Consider practicing relaxation exercises before bed.
My family relationships are causing me stress.,Practice active listening to understand the other person's perspective.
I'm trying to find more balance in my life.,Practice gratitude to improve your outlook on life.
I'm concerned about an upcoming event.,It's important to identify your triggers and manage them.
I'm finding it hard to get out of bed in the morning.,Have you considered seeking support from a therapist?
I'm overwhelmed with my current workload.,Try incorporating relaxation techniques into your routine.
My sleep pattern is inconsistent and erratic.,Consider practicing relaxation exercises before bed.
I'm having issues with my romantic partner.,Open communication is key in relationships. Have you expressed your concerns?
What can I do to enhance my overall happiness?,Consider seeking support from a therapist or counselor.
I feel overwhelmed and tense in certain situations.,Journaling can help you process your anxious thoughts.
I'm finding it hard to get out of bed in the morning.,Have you considered seeking support from a therapist?
I'm finding it hard to relax and unwind.,Practice saying no when you're overwhelmed.
I'm having trouble staying asleep through the night.,Have you tried creating a consistent bedtime routine?
I'm dealing with relationship challenges.,Focus on building trust and mutual respect in your relationships.
How can I improve my emotional well-being?,Take time for self-care activities that bring you joy.
I feel overwhelmed and tense in certain situations.,Journaling can help you process your anxious thoughts.
I feel isolated and alone.,Consider reaching out to a support group.
I'm finding it hard to relax and unwind.,Practice saying no when you're overwhelmed.
I'm struggling with falling asleep at bedtime.,"Keep your bedroom cool, dark, and quiet for better sleep."
I'm struggling to connect with my friends.,Consider seeking couples therapy to improve your relationship.
How can I improve my overall mental health?,Set achievable goals to boost your sense of accomplishment.
I'm concerned about an upcoming event.,It's important to identify your triggers and manage them.
I feel isolated and alone.,Consider reaching out to a support group.
I'm overwhelmed with my current workload.,Try incorporating relaxation techniques into your routine.
I'm having trouble staying asleep through the night.,Have you tried creating a consistent bedtime routine?
I'm dealing with relationship challenges.,Focus on building trust and mutual respect in your relationships.
I'm trying to find more balance in my life.,Practice gratitude to improve your outlook on life.
I often feel nervous about the future.,Have you tried mindfulness exercises to calm your mind?
I feel down and lack motivation most days.,Engaging in physical activity can help elevate your mood.
I'm struggling to manage my responsibilities.,Prioritize your tasks to focus on what's most important.
I'm having trouble staying asleep through the night.,Have you tried creating a consistent bedtime routine?
My family relationships are causing me stress.,Practice active listening to understand the other person's perspective.
What steps can I take to enhance my self-care routine?,Focus on building healthy habits for your mind and body.
I often feel nervous about the future.,Have you tried mindfulness exercises to calm your mind?
I'm finding it hard to get out of bed in the morning.,Have you considered seeking support from a therapist?
I'm finding it hard to relax and unwind.,Practice saying no when you're overwhelmed.
I feel groggy and unrested when I wake up.,Avoid heavy meals and caffeine close to bedtime.
I'm finding it difficult to communicate with loved ones.,Set healthy boundaries to maintain balanced relationships.
What can I do to enhance my overall happiness?,Consider seeking support from a therapist or counselor.
I feel overwhelmed and tense in certain situations.,Journaling can help you process your anxious thoughts.
I feel down and lack motivation most days.,Engaging in physical activity can help elevate your mood.
I'm feeling a lot of pressure at work.,Can you delegate some tasks to reduce your workload?
I'm having trouble staying asleep through the night.,Have you tried creating a consistent bedtime routine?
I'm dealing with relationship challenges.,Focus on building trust and mutual respect in your relationships.
What steps can I take to enhance my self-care routine?,Focus on building healthy habits for your mind and body.
I feel overwhelmed and tense in certain situations.,Journaling can help you process your anxious thoughts.
I feel down and lack motivation most days.,Engaging in physical activity can help elevate your mood.
I'm feeling a lot of pressure at work.,Can you delegate some tasks to reduce your workload?
I'm struggling with falling asleep at bedtime.,"Keep your bedroom cool, dark, and quiet for better sleep."
I'm having issues with my romantic partner.,Open communication is key in relationships. Have you expressed your concerns?
What can I do to enhance my overall happiness?,Consider seeking support from a therapist or counselor.
My thoughts are racing and I can't focus.,Talking to a trusted person can help alleviate anxiety.
I feel down and lack motivation most days.,Engaging in physical activity can help elevate your mood.
I'm struggling to manage my responsibilities.,Prioritize your tasks to focus on what's most important.
I'm struggling with falling asleep at bedtime.,"Keep your bedroom cool, dark, and quiet for better sleep."
I'm struggling to connect with my friends.,Consider seeking couples therapy to improve your relationship.
How can I improve my emotional well-being?,Take time for self-care activities that bring you joy.
My thoughts are racing and I can't focus.,Talking to a trusted person can help alleviate anxiety.
I struggle with feelings of sadness and emptiness.,"Try setting small, achievable goals for yourself."
I'm finding it hard to relax and unwind.,Practice saying no when you're overwhelmed.
I'm struggling with falling asleep at bedtime.,"Keep your bedroom cool, dark, and quiet for better sleep."
I'm struggling to connect with my friends.,Consider seeking couples therapy to improve your relationship.
I'm trying to find more balance in my life.,Practice gratitude to improve your outlook on life.
I struggle with anxiety in social situations.,Practicing deep breathing can help manage anxiety.
I'm finding it hard to get out of bed in the morning.,Have you considered seeking support from a therapist?
I'm feeling a lot of pressure at work.,Can you delegate some tasks to reduce your workload?
I wake up feeling tired even after a full night's sleep.,Avoid using electronic devices before bedtime.
I'm finding it difficult to communicate with loved ones.,Set healthy boundaries to maintain balanced relationships.
I'm trying to find more balance in my life.,Practice gratitude to improve your outlook on life.
I often feel nervous about the future.,Have you tried mindfulness exercises to calm your mind?
I feel isolated and alone.,Consider reaching out to a support group.
My stress levels are increasing day by day.,Taking short breaks can help manage stress levels.
I'm having trouble staying asleep through the night.,Have you tried creating a consistent bedtime routine?
I'm struggling to connect with my friends.,Consider seeking couples therapy to improve your relationship.
How can I improve my overall mental health?,Set achievable goals to boost your sense of accomplishment.
I'm concerned about an upcoming event.,It's important to identify your triggers and manage them.
I feel isolated and alone.,Consider reaching out to a support group.
I'm finding it hard to relax and unwind.,Practice saying no when you're overwhelmed.
I wake up feeling tired even after a full night's sleep.,Avoid using electronic devices before bedtime.
I'm dealing with relationship challenges.,Focus on building trust and mutual respect in your relationships.
How can I improve my emotional well-being?,Take time for self-care activities that bring you joy.
I often feel nervous about the future.,Have you tried mindfulness exercises to calm your mind?
I'm having trouble enjoying things I used to like.,Surround yourself with supportive people.
My stress levels are increasing day by day.,Taking short breaks can help manage stress levels.
My sleep pattern is inconsistent and erratic.,Consider practicing relaxation exercises before bed.
I'm finding it difficult to communicate with loved ones.,Set healthy boundaries to maintain balanced relationships.
What steps can I take to enhance my self-care routine?,Focus on building healthy habits for your mind and body.
I'm concerned about an upcoming event.,It's important to identify your triggers and manage them.
I feel down and lack motivation most days.,Engaging in physical activity can help elevate your mood.
I'm feeling a lot of pressure at work.,Can you delegate some tasks to reduce your workload?
I feel groggy and unrested when I wake up.,Avoid heavy meals and caffeine close to bedtime.
I'm finding it difficult to communicate with loved ones.,Set healthy boundaries to maintain balanced relationships.
How can I improve my emotional well-being?,Take time for self-care activities that bring you joy.
I often feel nervous about the future.,Have you tried mindfulness exercises to calm your mind?
I'm finding it hard to get out of bed in the morning.,Have you considered seeking support from a therapist?
I'm finding it hard to relax and unwind.,Practice saying no when you're overwhelmed.
I feel groggy and unrested when I wake up.,Avoid heavy meals and caffeine close to bedtime.
I'm finding it difficult to communicate with loved ones.,Set healthy boundaries to maintain balanced relationships.
How can I improve my overall mental health?,Set achievable goals to boost your sense of accomplishment.
I struggle with anxiety in social situations.,Practicing deep breathing can help manage anxiety.
I'm having trouble enjoying things I used to like.,Surround yourself with supportive people.
My stress levels are increasing day by day.,Taking short breaks can help manage stress levels.
I'm struggling with falling asleep at bedtime.,"Keep your bedroom cool, dark, and quiet for better sleep."
My family relationships are causing me stress.,Practice active listening to understand the other person's perspective.
I'm trying to find more balance in my life.,Practice gratitude to improve your outlook on life.
I feel overwhelmed and tense in certain situations.,Journaling can help you process your anxious thoughts.
I'm having trouble enjoying things I used to like.,Surround yourself with supportive people.
I'm finding it hard to relax and unwind.,Practice saying no when you're overwhelmed.
My sleep pattern is inconsistent and erratic.,Consider practicing relaxation exercises before bed.
I'm having issues with my romantic partner.,Open communication is key in relationships. Have you expressed your concerns?
I'm trying to find more balance in my life.,Practice gratitude to improve your outlook on life.
My thoughts are racing and I can't focus.,Talking to a trusted person can help alleviate anxiety.
I feel down and lack motivation most days.,Engaging in physical activity can help elevate your mood.
I'm finding it hard to relax and unwind.,Practice saying no when you're overwhelmed.
I wake up feeling tired even after a full night's sleep.,Avoid using electronic devices before bedtime.
I'm finding it difficult to communicate with loved ones.,Set healthy boundaries to maintain balanced relationships.
I'm trying to find more balance in my life.,Practice gratitude to improve your outlook on life.
I struggle with anxiety in social situations.,Practicing deep breathing can help manage anxiety.
I struggle with feelings of sadness and emptiness.,"Try setting small, achievable goals for yourself."
My stress levels are increasing day by day.,Taking short breaks can help manage stress levels.
My sleep pattern is inconsistent and erratic.,Consider practicing relaxation exercises before bed.
My family relationships are causing me stress.,Practice active listening to understand the other person's perspective.
I'm trying to find more balance in my life.,Practice gratitude to improve your outlook on life.
I struggle with anxiety in social situations.,Practicing deep breathing can help manage anxiety.
I struggle with feelings of sadness and emptiness.,"Try setting small, achievable goals for yourself."
I'm struggling to manage my responsibilities.,Prioritize your tasks to focus on what's most important.
I'm struggling with falling asleep at bedtime.,"Keep your bedroom cool, dark, and quiet for better sleep."
My family relationships are causing me stress.,Practice active listening to understand the other person's perspective.
How can I improve my overall mental health?,Set achievable goals to boost your sense of accomplishment.
I often feel nervous about the future.,Have you tried mindfulness exercises to calm your mind?
I struggle with feelings of sadness and emptiness.,"Try setting small, achievable goals for yourself."
I'm struggling to manage my responsibilities.,Prioritize your tasks to focus on what's most important.
My sleep pattern is inconsistent and erratic.,Consider practicing relaxation exercises before bed.
I'm finding it difficult to communicate with loved ones.,Set healthy boundaries to maintain balanced relationships.
I'm trying to find more balance in my life.,Practice gratitude to improve your outlook on life.
I'm concerned about an upcoming event.,It's important to identify your triggers and manage them.
I feel down and lack motivation most days.,Engaging in physical activity can help elevate your mood.
I'm overwhelmed with my current workload.,Try incorporating relaxation techniques into your routine.
I'm struggling with falling asleep at bedtime.,"Keep your bedroom cool, dark, and quiet for better sleep."
I'm having issues with my romantic partner.,Open communication is key in relationships. Have you expressed your concerns?
What steps can I take to enhance my self-care routine?,Focus on building healthy habits for your mind and body.
I often feel nervous about the future.,Have you tried mindfulness exercises to calm your mind?
I struggle with feelings of sadness and emptiness.,"Try setting small, achievable goals for yourself."
My stress levels are increasing day by day.,Taking short breaks can help manage stress levels.
I wake up feeling tired even after a full night's sleep.,Avoid using electronic devices before bedtime.
I'm having issues with my romantic partner.,Open communication is key in relationships. Have you expressed your concerns?
How can I improve my emotional well-being?,Take time for self-care activities that bring you joy.
I struggle with anxiety in social situations.,Practicing deep breathing can help manage anxiety.
I feel isolated and alone.,Consider reaching out to a support group.
I'm struggling to manage my responsibilities.,Prioritize your tasks to focus on what's most important.
My sleep pattern is inconsistent and erratic.,Consider practicing relaxation exercises before bed.
My family relationships are causing me stress.,Practice active listening to understand the other person's perspective.
How can I improve my overall mental health?,Set achievable goals to boost your sense of accomplishment.
I feel overwhelmed and tense in certain situations.,Journaling can help you process your anxious thoughts.
I feel isolated and alone.,Consider reaching out to a support group.
I'm struggling to manage my responsibilities.,Prioritize your tasks to focus on what's most important.
My sleep pattern is inconsistent and erratic.,Consider practicing relaxation exercises before bed.
My family relationships are causing me stress.,Practice active listening to understand the other person's perspective.
I'm trying to find more balance in my life.,Practice gratitude to improve your outlook on life.
I feel overwhelmed and tense in certain situations.,Journaling can help you process your anxious thoughts.
I'm finding it hard to get out of bed in the morning.,Have you considered seeking support from a therapist?
I'm struggling to manage my responsibilities.,Prioritize your tasks to focus on what's most important.
I'm having trouble staying asleep through the night.,Have you tried creating a consistent bedtime routine?
My family relationships are causing me stress.,Practice active listening to understand the other person's perspective.
What steps can I take to enhance my self-care routine?,Focus on building healthy habits for your mind and body.
I often feel nervous about the future.,Have you tried mindfulness exercises to calm your mind?
I feel isolated and alone.,Consider reaching out to a support group.
I'm feeling a lot of pressure at work.,Can you delegate some tasks to reduce your workload?
I'm struggling with falling asleep at bedtime.,"Keep your bedroom cool, dark, and quiet for better sleep."
I'm finding it difficult to communicate with loved ones.,Set healthy boundaries to maintain balanced relationships.
I'm trying to find more balance in my life.,Practice gratitude to improve your outlook on life.
I often feel nervous about the future.,Have you tried mindfulness exercises to calm your mind?
I struggle with feelings of sadness and emptiness.,"Try setting small, achievable goals for yourself."
I'm struggling to manage my responsibilities.,Prioritize your tasks to focus on what's most important.
I'm having trouble staying asleep through the night.,Have you tried creating a consistent bedtime routine?
My family relationships are causing me stress.,Practice active listening to understand the other person's perspective.
What steps can I take to enhance my self-care routine?,Focus on building healthy habits for your mind and body.
I'm concerned about an upcoming event.,It's important to identify your triggers and manage them.
I feel isolated and alone.,Consider reaching out to a support group.
I'm finding it hard to relax and unwind.,Practice saying no when you're overwhelmed.
I'm having trouble staying asleep through the night.,Have you tried creating a consistent bedtime routine?
I'm dealing with relationship challenges.,Focus on building trust and mutual respect in your relationships.
What can I do to enhance my overall happiness?,Consider seeking support from a therapist or counselor.
I feel overwhelmed and tense in certain situations.,Journaling can help you process your anxious thoughts.
I'm finding it hard to get out of bed in the morning.,Have you considered seeking support from a therapist?
I'm finding it hard to relax and unwind.,Practice saying no when you're overwhelmed.
I'm struggling with falling asleep at bedtime.,"Keep your bedroom cool, dark, and quiet for better sleep."
I'm finding it difficult to communicate with loved ones.,Set healthy boundaries to maintain balanced relationships.
I'm trying to find more balance in my life.,Practice gratitude to improve your outlook on life.
I struggle with anxiety in social situations.,Practicing deep breathing can help manage anxiety.
I feel isolated and alone.,Consider reaching out to a support group.
My stress levels are increasing day by day.,Taking short breaks can help manage stress levels.
I'm struggling with falling asleep at bedtime.,"Keep your bedroom cool, dark, and quiet for better sleep."
I'm having issues with my romantic partner.,Open communication is key in relationships. Have you expressed your concerns?
How can I improve my overall mental health?,Set achievable goals to boost your sense of accomplishment.
I often feel nervous about the future.,Have you tried mindfulness exercises to calm your mind?
I feel isolated and alone.,Consider reaching out to a support group.
I'm struggling to manage my responsibilities.,Prioritize your tasks to focus on what's most important.
I'm having trouble staying asleep through the night.,Have you tried creating a consistent bedtime routine?
I'm struggling to connect with my friends.,Consider seeking couples therapy to improve your relationship.
I'm trying to find more balance in my life.,Practice gratitude to improve your outlook on life.
I feel overwhelmed and tense in certain situations.,Journaling can help you process your anxious thoughts.
I feel isolated and alone.,Consider reaching out to a support group.
I'm finding it hard to relax and unwind.,Practice saying no when you're overwhelmed.
I'm struggling with falling asleep at bedtime.,"Keep your bedroom cool, dark, and quiet for better sleep."
I'm finding it difficult to communicate with loved ones.,Set healthy boundaries to maintain balanced relationships.
I'm trying to find more balance in my life.,Practice gratitude to improve your outlook on life.
I struggle with anxiety in social situations.,Practicing deep breathing can help manage anxiety.
I feel isolated and alone.,Consider reaching out to a support group.
I'm overwhelmed with my current workload.,Try incorporating relaxation techniques into your routine.
I'm struggling with falling asleep at bedtime.,"Keep your bedroom cool, dark, and quiet for better sleep."
I'm dealing with relationship challenges.,Focus on building trust and mutual respect in your relationships.
How can I improve my emotional well-being?,Take time for self-care activities that bring you joy.
I feel overwhelmed and tense in certain situations.,Journaling can help you process your anxious thoughts.
I feel down and lack motivation most days.,Engaging in physical activity can help elevate your mood.
I'm overwhelmed with my current workload.,Try incorporating relaxation techniques into your routine.
I'm having trouble staying asleep through the night.,Have you tried creating a consistent bedtime routine?
I'm having issues with my romantic partner.,Open communication is key in relationships. Have you expressed your concerns?
I'm trying to find more balance in my life.,Practice gratitude to improve your outlook on life.
My thoughts are racing and I can't focus.,Talking to a trusted person can help alleviate anxiety.
I feel down and lack motivation most days.,Engaging in physical activity can help elevate your mood.
I'm struggling to manage my responsibilities.,Prioritize your tasks to focus on what's most important.
My sleep pattern is inconsistent and erratic.,Consider practicing relaxation exercises before bed.
I'm having issues with my romantic partner.,Open communication is key in relationships. Have you expressed your concerns?
How can I improve my overall mental health?,Set achievable goals to boost your sense of accomplishment.
I struggle with anxiety in social situations.,Practicing deep breathing can help manage anxiety.
I struggle with feelings of sadness and emptiness.,"Try setting small, achievable goals for yourself."
I'm feeling a lot of pressure at work.,Can you delegate some tasks to reduce your workload?
I'm struggling with falling asleep at bedtime.,"Keep your bedroom cool, dark, and quiet for better sleep."
I'm struggling to connect with my friends.,Consider seeking couples therapy to improve your relationship.
How can I improve my emotional well-being?,Take time for self-care activities that bring you joy.
I often feel nervous about the future.,Have you tried mindfulness exercises to calm your mind?
I feel down and lack motivation most days.,Engaging in physical activity can help elevate your mood.
I'm struggling to manage my responsibilities.,Prioritize your tasks to focus on what's most important.
I'm having trouble staying asleep through the night.,Have you tried creating a consistent bedtime routine?
I'm finding it difficult to communicate with loved ones.,Set healthy boundaries to maintain balanced relationships.
How can I improve my overall mental health?,Set achievable goals to boost your sense of accomplishment.
My thoughts are racing and I can't focus.,Talking to a trusted person can help alleviate anxiety.
I'm finding it hard to get out of bed in the morning.,Have you considered seeking support from a therapist?
I'm overwhelmed with my current workload.,Try incorporating relaxation techniques into your routine.
My sleep pattern is inconsistent and erratic.,Consider practicing relaxation exercises before bed.
I'm finding it difficult to communicate with loved ones.,Set healthy boundaries to maintain balanced relationships.
I'm trying to find more balance in my life.,Practice gratitude to improve your outlook on life.
I often feel nervous about the future.,Have you tried mindfulness exercises to calm your mind?
I struggle with feelings of sadness and emptiness.,"Try setting small, achievable goals for yourself."
My stress levels are increasing day by day.,Taking short breaks can help manage stress levels.
I'm struggling with falling asleep at bedtime.,"Keep your bedroom cool, dark, and quiet for better sleep."
I'm finding it difficult to communicate with loved ones.,Set healthy boundaries to maintain balanced relationships.
How can I improve my overall mental health?,Set achievable goals to boost your sense of accomplishment.
I'm concerned about an upcoming event.,It's important to identify your triggers and manage them.
I feel isolated and alone.,Consider reaching out to a support group.
I'm finding it hard to relax and unwind.,Practice saying no when you're overwhelmed.
My sleep pattern is inconsistent and erratic.,Consider practicing relaxation exercises before bed.
My family relationships are causing me stress.,Practice active listening to understand the other person's perspective.
What can I do to enhance my overall happiness?,Consider seeking support from a therapist or counselor.
I struggle with anxiety in social situations.,Practicing deep breathing can help manage anxiety.
I feel down and lack motivation most days.,Engaging in physical activity can help elevate your mood.
I'm struggling to manage my responsibilities.,Prioritize your tasks to focus on what's most important.
My sleep pattern is inconsistent and erratic.,Consider practicing relaxation exercises before bed.
My family relationships are causing me stress.,Practice active listening to understand the other person's perspective.
How can I improve my emotional well-being?,Take time for self-care activities that bring you joy.
I struggle with anxiety in social situations.,Practicing deep breathing can help manage anxiety.
I feel down and lack motivation most days.,Engaging in physical activity can help elevate your mood.
My stress levels are increasing day by day.,Taking short breaks can help manage stress levels.
I feel groggy and unrested when I wake up.,Avoid heavy meals and caffeine close to bedtime.
I'm dealing with relationship challenges.,Focus on building trust and mutual respect in your relationships.
What can I do to enhance my overall happiness?,Consider seeking support from a therapist or counselor.
I often feel nervous about the future.,Have you tried mindfulness exercises to calm your mind?
I'm finding it hard to get out of bed in the morning.,Have you considered seeking support from a therapist?
I'm overwhelmed with my current workload.,Try incorporating relaxation techniques into your routine.
I'm having trouble staying asleep through the night.,Have you tried creating a consistent bedtime routine?
My family relationships are causing me stress.,Practice active listening to understand the other person's perspective.
What can I do to enhance my overall happiness?,Consider seeking support from a therapist or counselor.
I'm concerned about an upcoming event.,It's important to identify your triggers and manage them.
I'm having trouble enjoying things I used to like.,Surround yourself with supportive people.
I'm finding it hard to relax and unwind.,Practice saying no when you're overwhelmed.
I'm having trouble staying asleep through the night.,Have you tried creating a consistent bedtime routine?
I'm struggling to connect with my friends.,Consider seeking couples therapy to improve your relationship.
What steps can I take to enhance my self-care routine?,Focus on building healthy habits for your mind and body.
My thoughts are racing and I can't focus.,Talking to a trusted person can help alleviate anxiety.
I'm finding it hard to get out of bed in the morning.,Have you considered seeking support from a therapist?
My stress levels are increasing day by day.,Taking short breaks can help manage stress levels.
I'm having trouble staying asleep through the night.,Have you tried creating a consistent bedtime routine?
I'm having issues with my romantic partner.,Open communication is key in relationships. Have you expressed your concerns?
How can I improve my overall mental health?,Set achievable goals to boost your sense of accomplishment.
I often feel nervous about the future.,Have you tried mindfulness exercises to calm your mind?
I struggle with feelings of sadness and emptiness.,"Try setting small, achievable goals for yourself."
I'm overwhelmed with my current workload.,Try incorporating relaxation techniques into your routine.
My sleep pattern is inconsistent and erratic.,Consider practicing relaxation exercises before bed.
I'm finding it difficult to communicate with loved ones.,Set healthy boundaries to maintain balanced relationships.
How can I improve my emotional well-being?,Take time for self-care activities that bring you joy.
I struggle with anxiety in social situations.,Practicing deep breathing can help manage anxiety.
I feel down and lack motivation most days.,Engaging in physical activity can help elevate your mood.
My stress levels are increasing day by day.,Taking short breaks can help manage stress levels.
My sleep pattern is inconsistent and erratic.,Consider practicing relaxation exercises before bed.
My family relationships are causing me stress.,Practice active listening to understand the other person's perspective.
What can I do to enhance my overall happiness?,Consider seeking support from a therapist or counselor.
I often feel nervous about the future.,Have you tried mindfulness exercises to calm your mind?
I struggle with feelings of sadness and emptiness.,"Try setting small, achievable goals for yourself."
I'm overwhelmed with my current workload.,Try incorporating relaxation techniques into your routine.
My sleep pattern is inconsistent and erratic.,Consider practicing relaxation exercises before bed.
I'm struggling to connect with my friends.,Consider seeking couples therapy to improve your relationship.
What steps can I take to enhance my self-care routine?,Focus on building healthy habits for your mind and body.
I often feel nervous about the future.,Have you tried mindfulness exercises to calm your mind?
I'm finding it hard to get out of bed in the morning.,Have you considered seeking support from a therapist?
I'm struggling to manage my responsibilities.,Prioritize your tasks to focus on what's most important.
I'm having trouble staying asleep through the night.,Have you tried creating a consistent bedtime routine?
I'm dealing with relationship challenges.,Focus on building trust and mutual respect in your relationships.
I'm trying to find more balance in my life.,Practice gratitude to improve your outlook on life.
I'm concerned about an upcoming event.,It's important to identify your triggers and manage them.
I'm having trouble enjoying things I used to like.,Surround yourself with supportive people.
My stress levels are increasing day by day.,Taking short breaks can help manage stress levels.
My sleep pattern is inconsistent and erratic.,Consider practicing relaxation exercises before bed.
I'm struggling to connect with my friends.,Consider seeking couples therapy to improve your relationship.
What can I do to enhance my overall happiness?,Consider seeking support from a therapist or counselor.
I'm concerned about an upcoming event.,It's important to identify your triggers and manage them.
I feel down and lack motivation most days.,Engaging in physical activity can help elevate your mood.
I'm struggling to manage my responsibilities.,Prioritize your tasks to focus on what's most important.
I'm having trouble staying asleep through the night.,Have you tried creating a consistent bedtime routine?
I'm dealing with relationship challenges.,Focus on building trust and mutual respect in your relationships.
I'm trying to find more balance in my life.,Practice gratitude to improve your outlook on life.
I feel overwhelmed and tense in certain situations.,Journaling can help you process your anxious thoughts.
I'm having trouble enjoying things I used to like.,Surround yourself with supportive people.
My stress levels are increasing day by day.,Taking short breaks can help manage stress levels.
I'm struggling with falling asleep at bedtime.,"Keep your bedroom cool, dark, and quiet for better sleep."
I'm dealing with relationship challenges.,Focus on building trust and mutual respect in your relationships.
How can I improve my emotional well-being?,Take time for self-care activities that bring you joy.
I'm concerned about an upcoming event.,It's important to identify your triggers and manage them.
I feel isolated and alone.,Consider reaching out to a support group.
I'm finding it hard to relax and unwind.,Practice saying no when you're overwhelmed.
My sleep pattern is inconsistent and erratic.,Consider practicing relaxation exercises before bed.
My family relationships are causing me stress.,Practice active listening to understand the other person's perspective.
How can I improve my emotional well-being?,Take time for self-care activities that bring you joy.
I feel overwhelmed and tense in certain situations.,Journaling can help you process your anxious thoughts.
I feel down and lack motivation most days.,Engaging in physical activity can help elevate your mood.
I'm finding it hard to relax and unwind.,Practice saying no when you're overwhelmed.
I'm struggling with falling asleep at bedtime.,"Keep your bedroom cool, dark, and quiet for better sleep."
I'm dealing with relationship challenges.,Focus on building trust and mutual respect in your relationships.
How can I improve my emotional well-being?,Take time for self-care activities that bring you joy.
I struggle with anxiety in social situations.,Practicing deep breathing can help manage anxiety.
I feel down and lack motivation most days.,Engaging in physical activity can help elevate your mood.
I'm struggling to manage my responsibilities.,Prioritize your tasks to focus on what's most important.
I feel groggy and unrested when I wake up.,Avoid heavy meals and caffeine close to bedtime.
My family relationships are causing me stress.,Practice active listening to understand the other person's perspective.
What can I do to enhance my overall happiness?,Consider seeking support from a therapist or counselor.
I often feel nervous about the future.,Have you tried mindfulness exercises to calm your mind?
I feel isolated and alone.,Consider reaching out to a support group.
I'm struggling to manage my responsibilities.,Prioritize your tasks to focus on what's most important.
I feel groggy and unrested when I wake up.,Avoid heavy meals and caffeine close to bedtime.
My family relationships are causing me stress.,Practice active listening to understand the other person's perspective.
How can I improve my emotional well-being?,Take time for self-care activities that bring you joy.
I feel overwhelmed and tense in certain situations.,Journaling can help you process your anxious thoughts.
I feel down and lack motivation most days.,Engaging in physical activity can help elevate your mood.
I'm overwhelmed with my current workload.,Try incorporating relaxation techniques into your routine.
I'm struggling with falling asleep at bedtime.,"Keep your bedroom cool, dark, and quiet for better sleep."
I'm finding it difficult to communicate with loved ones.,Set healthy boundaries to maintain balanced relationships.
How can I improve my emotional well-being?,Take time for self-care activities that bring you joy.
I feel overwhelmed and tense in certain situations.,Journaling can help you process your anxious thoughts.
I feel down and lack motivation most days.,Engaging in physical activity can help elevate your mood.
My stress levels are increasing day by day.,Taking short breaks can help manage stress levels.
I wake up feeling tired even after a full night's sleep.,Avoid using electronic devices before bedtime.
I'm dealing with relationship challenges.,Focus on building trust and mutual respect in your relationships.
How can I improve my emotional well-being?,Take time for self-care activities that bring you joy.
I struggle with anxiety in social situations.,Practicing deep breathing can help manage anxiety.
I feel down and lack motivation most days.,Engaging in physical activity can help elevate your mood.
I'm finding it hard to relax and unwind.,Practice saying no when you're overwhelmed.
I wake up feeling tired even after a full night's sleep.,Avoid using electronic devices before bedtime.
I'm finding it difficult to communicate with loved ones.,Set healthy boundaries to maintain balanced relationships.
How can I improve my emotional well-being?,Take time for self-care activities that bring you joy.
I often feel nervous about the future.,Have you tried mindfulness exercises to calm your mind?
I struggle with feelings of sadness and emptiness.,"Try setting small, achievable goals for yourself."
I'm struggling to manage my responsibilities.,Prioritize your tasks to focus on what's most important.
I feel groggy and unrested when I wake up.,Avoid heavy meals and caffeine close to bedtime.
I'm having issues with my romantic partner.,Open communication is key in relationships. Have you expressed your concerns?
What steps can I take to enhance my self-care routine?,Focus on building healthy habits for your mind and body.
I'm concerned about an upcoming event.,It's important to identify your triggers and manage them.
I struggle with feelings of sadness and emptiness.,"Try setting small, achievable goals for yourself."
My stress levels are increasing day by day.,Taking short breaks can help manage stress levels.
I feel groggy and unrested when I wake up.,Avoid heavy meals and caffeine close to bedtime.
I'm finding it difficult to communicate with loved ones.,Set healthy boundaries to maintain balanced relationships.
How can I improve my emotional well-being?,Take time for self-care activities that bring you joy.
I struggle with anxiety in social situations.,Practicing deep breathing can help manage anxiety.
I'm finding it hard to get out of bed in the morning.,Have you considered seeking support from a therapist?
My stress levels are increasing day by day.,Taking short breaks can help manage stress levels.
I'm struggling with falling asleep at bedtime.,"Keep your bedroom cool, dark, and quiet for better sleep."
I'm finding it difficult to communicate with loved ones.,Set healthy boundaries to maintain balanced relationships.
How can I improve my overall mental health?,Set achievable goals to boost your sense of accomplishment.
I struggle with anxiety in social situations.,Practicing deep breathing can help manage anxiety.
I struggle with feelings of sadness and emptiness.,"Try setting small, achievable goals for yourself."
I'm struggling to manage my responsibilities.,Prioritize your tasks to focus on what's most important.
I wake up feeling tired even after a full night's sleep.,Avoid using electronic devices before bedtime.
My family relationships are causing me stress.,Practice active listening to understand the other person's perspective.
What steps can I take to enhance my self-care routine?,Focus on building healthy habits for your mind and body.
I feel overwhelmed and tense in certain situations.,Journaling can help you process your anxious thoughts.
I feel down and lack motivation most days.,Engaging in physical activity can help elevate your mood.
I'm struggling to manage my responsibilities.,Prioritize your tasks to focus on what's most important.
I feel groggy and unrested when I wake up.,Avoid heavy meals and caffeine close to bedtime.
I'm dealing with relationship challenges.,Focus on building trust and mutual respect in your relationships.
I'm trying to find more balance in my life.,Practice gratitude to improve your outlook on life.
I often feel nervous about the future.,Have you tried mindfulness exercises to calm your mind?
I'm having trouble enjoying things I used to like.,Surround yourself with supportive people.
My stress levels are increasing day by day.,Taking short breaks can help manage stress levels.
My sleep pattern is inconsistent and erratic.,Consider practicing relaxation exercises before bed.
My family relationships are causing me stress.,Practice active listening to understand the other person's perspective.
I'm trying to find more balance in my life.,Practice gratitude to improve your outlook on life.
I often feel nervous about the future.,Have you tried mindfulness exercises to calm your mind?
I feel down and lack motivation most days.,Engaging in physical activity can help elevate your mood.
I'm struggling to manage my responsibilities.,Prioritize your tasks to focus on what's most important.
My sleep pattern is inconsistent and erratic.,Consider practicing relaxation exercises before bed.
My family relationships are causing me stress.,Practice active listening to understand the other person's perspective.
What can I do to enhance my overall happiness?,Consider seeking support from a therapist or counselor.
I feel overwhelmed and tense in certain situations.,Journaling can help you process your anxious thoughts.
I'm having trouble enjoying things I used to like.,Surround yourself with supportive people.
My stress levels are increasing day by day.,Taking short breaks can help manage stress levels.
I wake up feeling tired even after a full night's sleep.,Avoid using electronic devices before bedtime.
I'm dealing with relationship challenges.,Focus on building trust and mutual respect in your relationships.
What can I do to enhance my overall happiness?,Consider seeking support from a therapist or counselor.
I often feel nervous about the future.,Have you tried mindfulness exercises to calm your mind?
I feel down and lack motivation most days.,Engaging in physical activity can help elevate your mood.
I'm feeling a lot of pressure at work.,Can you delegate some tasks to reduce your workload?
My sleep pattern is inconsistent and erratic.,Consider practicing relaxation exercises before bed.
My family relationships are causing me stress.,Practice active listening to understand the other person's perspective.
What can I do to enhance my overall happiness?,Consider seeking support from a therapist or counselor.
My thoughts are racing and I can't focus.,Talking to a trusted person can help alleviate anxiety.
I'm having trouble enjoying things I used to like.,Surround yourself with supportive people.
I'm finding it hard to relax and unwind.,Practice saying no when you're overwhelmed.
I'm struggling with falling asleep at bedtime.,"Keep your bedroom cool, dark, and quiet for better sleep."
My family relationships are causing me stress.,Practice active listening to understand the other person's perspective.
What steps can I take to enhance my self-care routine?,Focus on building healthy habits for your mind and body.
I struggle with anxiety in social situations.,Practicing deep breathing can help manage anxiety.
I feel isolated and alone.,Consider reaching out to a support group.
I'm finding it hard to relax and unwind.,Practice saying no when you're overwhelmed.
I feel groggy and unrested when I wake up.,Avoid heavy meals and caffeine close to bedtime.
My family relationships are causing me stress.,Practice active listening to understand the other person's perspective.
I'm trying to find more balance in my life.,Practice gratitude to improve your outlook on life.
I feel overwhelmed and tense in certain situations.,Journaling can help you process your anxious thoughts.
I'm finding it hard to get out of bed in the morning.,Have you considered seeking support from a therapist?
I'm finding it hard to relax and unwind.,Practice saying no when you're overwhelmed.
I feel groggy and unrested when I wake up.,Avoid heavy meals and caffeine close to bedtime.
My family relationships are causing me stress.,Practice active listening to understand the other person's perspective.
How can I improve my emotional well-being?,Take time for self-care activities that bring you joy.
I'm concerned about an upcoming event.,It's important to identify your triggers and manage them.
I feel down and lack motivation most days.,Engaging in physical activity can help elevate your mood.
My stress levels are increasing day by day.,Taking short breaks can help manage stress levels.
I'm struggling with falling asleep at bedtime.,"Keep your bedroom cool, dark, and quiet for better sleep."
I'm finding it difficult to communicate with loved ones.,Set healthy boundaries to maintain balanced relationships.
What can I do to enhance my overall happiness?,Consider seeking support from a therapist or counselor.
My thoughts are racing and I can't focus.,Talking to a trusted person can help alleviate anxiety.
I struggle with feelings of sadness and emptiness.,"Try setting small, achievable goals for yourself."
I'm struggling to manage my responsibilities.,Prioritize your tasks to focus on what's most important.
My sleep pattern is inconsistent and erratic.,Consider practicing relaxation exercises before bed.
I'm dealing with relationship challenges.,Focus on building trust and mutual respect in your relationships.
How can I improve my emotional well-being?,Take time for self-care activities that bring you joy.
My thoughts are racing and I can't focus.,Talking to a trusted person can help alleviate anxiety.
I feel down and lack motivation most days.,Engaging in physical activity can help elevate your mood.
I'm finding it hard to relax and unwind.,Practice saying no when you're overwhelmed.
My sleep pattern is inconsistent and erratic.,Consider practicing relaxation exercises before bed.
I'm dealing with relationship challenges.,Focus on building trust and mutual respect in your relationships.
I'm trying to find more balance in my life.,Practice gratitude to improve your outlook on life.
I struggle with anxiety in social situations.,Practicing deep breathing can help manage anxiety.
I'm finding it hard to get out of bed in the morning.,Have you considered seeking support from a therapist?
I'm overwhelmed with my current workload.,Try incorporating relaxation techniques into your routine.
I feel groggy and unrested when I wake up.,Avoid heavy meals and caffeine close to bedtime.
I'm dealing with relationship challenges.,Focus on building trust and mutual respect in your relationships.
I'm trying to find more balance in my life.,Practice gratitude to improve your outlook on life.
My thoughts are racing and I can't focus.,Talking to a trusted person can help alleviate anxiety.
I struggle with feelings of sadness and emptiness.,"Try setting small, achievable goals for yourself."
I'm overwhelmed with my current workload.,Try incorporating relaxation techniques into your routine.
I feel groggy and unrested when I wake up.,Avoid heavy meals and caffeine close to bedtime.
I'm having issues with my romantic partner.,Open communication is key in relationships. Have you expressed your concerns?
What steps can I take to enhance my self-care routine?,Focus on building healthy habits for your mind and body.
My thoughts are racing and I can't focus.,Talking to a trusted person can help alleviate anxiety.
I struggle with feelings of sadness and emptiness.,"Try setting small, achievable goals for yourself."
I'm finding it hard to relax and unwind.,Practice saying no when you're overwhelmed.
My sleep pattern is inconsistent and erratic.,Consider practicing relaxation exercises before bed.
I'm struggling to connect with my friends.,Consider seeking couples therapy to improve your relationship.
How can I improve my emotional well-being?,Take time for self-care activities that bring you joy.
I often feel nervous about the future.,Have you tried mindfulness exercises to calm your mind?
I feel isolated and alone.,Consider reaching out to a support group.
I'm overwhelmed with my current workload.,Try incorporating relaxation techniques into your routine.
I wake up feeling tired even after a full night's sleep.,Avoid using electronic devices before bedtime.
I'm struggling to connect with my friends.,Consider seeking couples therapy to improve your relationship.
How can I improve my overall mental health?,Set achievable goals to boost your sense of accomplishment.
My thoughts are racing and I can't focus.,Talking to a trusted person can help alleviate anxiety.
I'm finding it hard to get out of bed in the morning.,Have you considered seeking support from a therapist?
I'm overwhelmed with my current workload.,Try incorporating relaxation techniques into your routine.
I wake up feeling tired even after a full night's sleep.,Avoid using electronic devices before bedtime.
I'm finding it difficult to communicate with loved ones.,Set healthy boundaries to maintain balanced relationships.
I'm trying to find more balance in my life.,Practice gratitude to improve your outlook on life.
My thoughts are racing and I can't focus.,Talking to a trusted person can help alleviate anxiety.
I'm finding it hard to get out of bed in the morning.,Have you considered seeking support from a therapist?
I'm feeling a lot of pressure at work.,Can you delegate some tasks to reduce your workload?
I'm struggling with falling asleep at bedtime.,"Keep your bedroom cool, dark, and quiet for better sleep."
I'm having issues with my romantic partner.,Open communication is key in relationships. Have you expressed your concerns?
What steps can I take to enhance my self-care routine?,Focus on building healthy habits for your mind and body.
I often feel nervous about the future.,Have you tried mindfulness exercises to calm your mind?
I feel down and lack motivation most days.,Engaging in physical activity can help elevate your mood.
I'm overwhelmed with my current workload.,Try incorporating relaxation techniques into your routine.
My sleep pattern is inconsistent and erratic.,Consider practicing relaxation exercises before bed.
I'm finding it difficult to communicate with loved ones.,Set healthy boundaries to maintain balanced relationships.
I'm trying to find more balance in my life.,Practice gratitude to improve your outlook on life.
I'm concerned about an upcoming event.,It's important to identify your triggers and manage them.
I'm finding it hard to get out of bed in the morning.,Have you considered seeking support from a therapist?
I'm finding it hard to relax and unwind.,Practice saying no when you're overwhelmed.
I feel groggy and unrested when I wake up.,Avoid heavy meals and caffeine close to bedtime.
I'm struggling to connect with my friends.,Consider seeking couples therapy to improve your relationship.
What steps can I take to enhance my self-care routine?,Focus on building healthy habits for your mind and body.
I'm concerned about an upcoming event.,It's important to identify your triggers and manage them.
I'm having trouble enjoying things I used to like.,Surround yourself with supportive people.
I'm feeling a lot of pressure at work.,Can you delegate some tasks to reduce your workload?
I'm struggling with falling asleep at bedtime.,"Keep your bedroom cool, dark, and quiet for better sleep."
I'm having issues with my romantic partner.,Open communication is key in relationships. Have you expressed your concerns?
How can I improve my emotional well-being?,Take time for self-care activities that bring you joy.
I often feel nervous about the future.,Have you tried mindfulness exercises to calm your mind?
I feel isolated and alone.,Consider reaching out to a support group.
I'm feeling a lot of pressure at work.,Can you delegate some tasks to reduce your workload?
My sleep pattern is inconsistent and erratic.,Consider practicing relaxation exercises before bed.
I'm struggling to connect with my friends.,Consider seeking couples therapy to improve your relationship.
What steps can I take to enhance my self-care routine?,Focus on building healthy habits for your mind and body.
I feel overwhelmed and tense in certain situations.,Journaling can help you process your anxious thoughts.
I'm finding it hard to get out of bed in the morning.,Have you considered seeking support from a therapist?
I'm feeling a lot of pressure at work.,Can you delegate some tasks to reduce your workload?
I feel groggy and unrested when I wake up.,Avoid heavy meals and caffeine close to bedtime.
I'm having issues with my romantic partner.,Open communication is key in relationships. Have you expressed your concerns?
I'm trying to find more balance in my life.,Practice gratitude to improve your outlook on life.
I struggle with anxiety in social situations.,Practicing deep breathing can help manage anxiety.
I feel down and lack motivation most days.,Engaging in physical activity can help elevate your mood.
